{
    "mp4": [
        {
            "num": 19
        },
        {
            "resolutions": {
                "(1028, 852)": 4,
                "(600, 600)": 3,
                "(352, 352)": 2,
                "(1080, 1080)": 2,
                "(280, 168)": 1,
                "(280, 170)": 1,
                "(320, 480)": 1,
                "(480, 290)": 1,
                "(560, 338)": 1,
                "(600, 362)": 1,
                "(640, 480)": 1,
                "(686, 568)": 1
            }
        },
        {
            "avg": {
                "duration": 4.063333333333334,
                "size_bytes": 133972.73684210525
            },
            "std": {
                "duration": 2.5637320886204593,
                "size_bytes": 103901.87653467526
            }
        },
        {
            "fps": {
                "30.0": 6,
                "15.0": 4,
                "50.0": 3,
                "25.0": 3,
                "100.0": 1,
                "20.0": 1,
                "60.0": 1
            }
        }
    ]
}